{"GMT +0":"2019-07-20 08:39:59","FIT 101":4.32373571,"LIT 101":492.896881,"MV 101":2,"P1_STATE":2,"P101 Status":2,"P102 Status":1,"AIT 201":131.408615,"AIT 202":9.313829,"AIT 203":257.933868,"FIT 201":2.31365132,"LS 201":"Inactive","LS 202":"Inactive","LSL 203":"Inactive","LSLL 203":"Inactive","MV201":2,"P2_STATE":2,"P201 Status":1,"P202 Status":1,"P203 Status":2,"P204 Status":1,"P205 Status":2,"P206 Status":1,"P207 Status":1,"P208 Status":1,"AIT 301":8.744734,"AIT 302":273.103271,"AIT 303":134.227539,"DPIT 301":12.2222929,"FIT 301":1.71937346,"LIT 301":883.908,"MV 301":1,"MV 302":2,"MV 303":1,"MV 304":1,"P3_STATE":7,"P301 Status":2,"P302 Status":1,"AIT 401":0,"AIT 402":3.74263,"FIT 401":0.807990253,"LIT 401":962.83,"LS 401":"Inactive","P4_STATE":4,"P401 Status":2,"P402 Status":1,"P403 Status":1,"P404 Status":1,"UV401":2,"AIT 501":7.76582956,"AIT 502":63.7528839,"AIT 503":1016.21381,"AIT 504":24.8397846,"FIT 501":0.808126152,"FIT 502":0.363007575,"FIT 503":0.6059598,"FIT 504":0.20990935,"MV 501":2,"MV 502":2,"MV 503":1,"MV 504":1,"P5_STATE":12,"P501 Status":2,"P502 Status":1,"PIT 501":158.8535,"PIT 502":2.49895883,"PIT 503":113.784927,"FIT 601":0.000320379,"LSH 601":"Active","LSH 602":"Active","LSH 603":"Inactive","LSL 601":"Inactive","LSL 602":"Inactive","LSL 603":"Active","P6 STATE":2,"P601 Status":1,"P602 Status":1,"P603 Status":1}